{
    "wheel_base_meter": 2.66954,
    "wheel_max_angle": 33.875,
    "half_car_length": 1.25,
    "lidar_to_front_of_car_distance": 2.70,
    "extrinsic_matrix": [
        [-0.001, -0.999, 0.000,  -0.02],
        [0.063,  -0.000, -0.998, -0.267],
        [0.998, -0.001,  0.063, -0.5]
    ],
    "intrinsic_matrix": [
        [993.338265, 0, 997.85396],
        [0, 995.33865, 548.881785],
        [0, 0, 1]
    ] 
}
